invoice_file_name,seller_name,invoice_date,invoice_total_amount
001c5027-6b4b-477a-bd26-67e47593a9a2.pdf,Hasan SARI,2023-12-26 00:00:00.000000,1100.00
00ef99de-02d8-47b3-bf9d-837e3401dcfe.pdf,Mailbutler GmbH,2021-05-25 00:00:00.000000,4.69
006e5c95-49c8-409d-b372-a0ca52f9b6da.pdf,QMS International Ltd,2025-10-28 19:09:56.359000,215.74
000a8e20-eb28-4830-985d-cfda83ce375c.pdf,SOLMAZ GÜMRÜK MÜSAVIRLIGI A.S.,2025-10-28 19:09:59.632000,350.00
02a46fbd-5fb1-4c33-821c-a9b6b7041f20.pdf,APCOA Parking (UK) Ltd,2025-10-28 19:09:59.953000,7.10
026990a6-f212-4060-915b-548e07ac2edb.pdf,Mailbutler GmbH,2021-10-23 00:00:00.000000,12.95
010c0024-7a82-4dca-b7f3-8b40bd252a55.pdf,BMW (UK) Limited,2023-09-15 00:00:00.000000,25.00
02fc3f01-e7b3-46f9-b86e-b0c17e50102c.pdf,Ebuyer (UK) ltd,2025-10-28 19:10:03.249000,8.99
04d39234-2edf-4244-b487-72d3e2408499.pdf,"Linkedln Ireland Unlimited
Company",2022-04-26 00:00:00.000000,58.32
0233cc8f-b1aa-4b51-9fd1-3e865ee2a5a1.pdf,"SureStore, Wokingham",2023-09-26 00:00:00.000000,115.98
03dfa9dd-e1d2-4c53-8041-ced2d4a134fa.pdf,Google Ireland Limited,2021-04-30 00:00:00.000000,8.28
05649872-edb3-4697-9230-8f082ae619ce.pdf,Cihat Gürpinar,2021-06-28 00:00:00.000000,1.00
05cf21b3-c1ed-438d-8738-e6871e5bedc4.pdf,BULTEKS BULDAN TEKSTIC URÜNLERI,2020-08-07 00:00:00.000000,2678.40
040eeb9d-96fa-4613-bc96-c01b15132c99.pdf,zoom,2023-06-25 00:00:00.000000,15.99
06a314a2-3cac-4c1e-85a4-d401e6754ae5.pdf,INXPRESS,2025-10-28 19:10:22.474000,579.15
063aa554-6a9e-4e60-b4a4-6c09498c4722.pdf,Google Cloud EMEA Limited,2023-06-30 00:00:00.000000,9.20
076eec3a-76f4-4a51-a592-58eb6b322a1e.pdf,Aras Çözum Danismanlik ve Dis Tic.A.S.,2025-10-28 19:10:28.743000,20.37
063b50fa-c252-45f1-a738-175c13030d7f.pdf,PacketStream Inc.,2021-03-03 03:30:00.000000,1000.00
080fee1a-412b-4395-83f8-39dc2afcf590.pdf,ITC SERVICES!,2025-10-28 19:10:30.004000,1060.06
045e271c-3492-45c6-b941-83c764638375.pdf,American Express Company,2025-10-28 19:10:34.185000,681.38
08603bdc-57a6-4f1c-9cc2-8732a6be572e.pdf,"Parcel2G
.com",2022-02-09 00:00:00.000000,7.62
0f647e42-3532-415d-bd9e-78769cb83acb.pdf,Mailbutler GmbH,2021-03-23 00:00:00.000000,7.95
096f8d3b-90f7-4b02-b45a-582a1dcc2075.pdf,TECH ACADEMY,2023-03-20 00:00:00.000000,1.20
08b2ec22-6093-4be0-9643-36ea8f3ac951.pdf,MyWorkSpot Ltd,2025-10-28 19:10:43.547000,150.00
07ac1251-5d56-416c-bf05-8e22cbe2ac57.pdf,Jagku Ltd,2025-10-28 19:10:52.734000,55.20
0b173a80-8e65-48b0-bf3d-90d169a821a5.pdf,SME Properties Limited,2020-03-31 00:00:00.000000,24.00
09df4593-bb21-4792-b302-f605b8e59448.pdf,PacketStream Inc.,2021-04-09 04:30:00.000000,1000.00
0b8727a4-1450-4fe4-a5a5-9b2e283c0a3f.pdf,"Safestore Ltd,",2025-10-28 19:11:04.604000,182.84
0cfffb99-925d-4398-93e5-183113c30097.pdf,ITC SERVICES!,2025-10-28 19:11:07.723000,1561.42
0baf2720-b8f9-4de2-904b-d32a9129aedc.pdf,Harbour Shipping Ltd.,2020-04-06 00:00:00.000000,2.89
0e48cee5-fdfd-4d26-a640-6ca847312c11.pdf,Sadler & Frost Ltd,2021-06-06 00:00:00.000000,120.00
0f025505-e5ad-4d4a-aa66-f8c4f65db3f3.pdf,SELCUK GIRGIN,2022-07-04 00:00:00.000000,10.00
0be9343f-2704-4e14-bb9e-c4a49af1cb7e.pdf,Google Cloud EMEA Limited,2023-08-31 00:00:00.000000,4.59
0bd6205a-8356-4036-b894-2c25418dd9e2.pdf,"LYON
AÉROPORT",2024-02-13 00:00:00.000000,33.50
10d8ecde-30c9-4bc5-8c3c-063f5f936240.pdf,ZIYA AKYUREK,2021-12-15 00:00:00.000000,500.00
100dfeaf-27ac-47b9-96ca-ca5bd6aa71eb.pdf,Parcel2Go.com Ltd.,2025-10-28 19:11:42.106000,31.97
0fd81b24-39ed-48b0-85ec-3c183f435d01.pdf,Makbuz/Fatura,2025-10-28 19:11:44.594000,101.96
10649358-dd02-4ad9-b306-6f48af784691.pdf,SWAP Multiservices,2025-10-28 19:11:47.373000,4654.98
10fbba18-32ad-493b-a4c2-858ebbb8cd0f.pdf,MCS ULUSLARARASI EV VE OFiS TASIMACILIGI TICARET LIMITED SIRKETI,2025-10-28 19:11:50.102000,19.52
117539bf-be4a-4e0d-939d-6998a320df47.pdf,Parcel2Go.com Ltd.,2025-10-28 19:11:54.811000,13.80
15acd404-a699-4d4f-b53c-1eede38d11d1.pdf,Sadler & Frost Ltd,2022-03-06 00:00:00.000000,120.00
0870410b-99c4-4619-8f8e-330f28b8ed83.pdf,Hetzner Online GmbH,2025-10-28 19:12:40.262000,6.86
4bdb5a5c-e93a-4e23-a2a6-f7569a74d4a3.pdf,WOXX GROUP,2025-10-28 19:17:32.420000,1.99
12d23898-a6b6-4304-ad35-e64252448280.pdf,Makbuz/Fatura,2025-10-28 19:12:02.160000,17.12
113b7492-1888-481d-97c8-53111d7910ed.pdf,Hetzner Online GmbH,2025-10-28 19:12:09.139000,3.14
1306ecaa-7334-415f-a783-631d1562af44.pdf,Hasan SARI,2023-10-31 00:00:00.000000,1100.00
13d86479-146c-4c3e-9e04-228674e27172.pdf,Mailbutler GmbH,2023-05-23 00:00:00.000000,12.95
131ee6b7-f6a0-4744-a627-56d24272ec26.pdf,PacketStream Inc.,2021-04-07 04:30:00.000000,1000.00
145a5a6c-e016-4505-acc2-53548b2a58a1.pdf,Mailbutler GmbH,2023-01-23 00:00:00.000000,12.95
12558b99-4632-4c9f-a637-7d334832db7b.pdf,Hetzner Online GmbH,2025-10-28 19:12:25.658000,3.36
1469ee4b-0b86-4f3a-8590-fdb9dbd41190.pdf,"Safestore Ltd,",2025-10-28 19:12:25.828000,206.78
15cb5e48-51c8-4807-bee1-9db39ae20807.pdf,"Safestore Ltd,",2020-10-03 00:00:00.000000,244.61
1525420c-2485-428e-9caf-6c90968a53d2.pdf,BKM TRANSPORT UK LTD,2025-10-28 19:12:37.683000,433.24
16de9948-9c27-48f7-a3d1-669570b39b74.pdf,"DIGITAL
ONLINE MEDIA SERVICES LTD",2025-10-28 19:12:44.995000,1.00
19149caf-c384-453c-8639-d64257755288.pdf,Platinum Cars of Wokingham Ltd,2024-02-03 00:00:00.000000,140.00
18eba00a-44f8-47e0-83d7-3a68e6a87e50.pdf,The Royal Society of Medicine,2023-07-06 00:00:00.000000,1920.00
1661fb97-0ff1-43ae-9ecf-e3966332fc90.pdf,Messe Düsseldorf GmbH,2023-04-10 00:00:00.000000,129.00
192f8395-da8e-48fa-a6d2-ed74cf0e1d7d.pdf,Mailbutler GmbH,2021-09-23 00:00:00.000000,12.95
193850fb-d39d-478d-aaea-c4d19e018107.pdf,"SME Properties Limited,",2020-03-27 00:00:00.000000,65.40
193c8698-13f4-4e7e-93ef-4ad546e8b89e.pdf,"OpenAI, LLC",2024-02-27 00:00:00.000000,20.00
0a946680-bb79-4446-86c8-9233165bd4f8.pdf,"Fortegra Europe Insurance Company Limited,",2025-10-28 19:12:58.638000,0.00
194276cb-2fd7-4cc2-96bd-d264778eb7ca.pdf,Sadler & Frost Ltd,2022-07-06 00:00:00.000000,120.00
19921b86-3256-48ac-8958-e5b688f60a11.pdf,PacketStream,2021-03-29 04:30:00.000000,500.00
1a7e0343-1f77-4497-bc9f-4e38b2b695f3.pdf,"MGM EXPRESS ULUSLARARASI KARGO TASIMACILIGI
LTD. STI",2025-10-28 19:13:04.644000,5.81
1ad5a50d-0f69-407d-9276-75c544046365.pdf,Alibaba.com Singapore E-Commerce Private Ltd.,2022-04-15 04:30:00.000000,435.28
1c4fee24-7872-4868-ae01-7dd1022ac0b7.pdf,"Safestore Ltd,",2025-10-28 19:13:09.950000,265.95
1af54858-42f9-4e2a-b87d-61361d00e25f.pdf,"NMK Consulting
Construction Project Management",2025-10-28 19:13:11.998000,2.25
1c1062ec-78e4-42e3-a028-c2b8a07c6657.pdf,Citation ISO Certification Limited,2025-10-28 19:13:14.759000,253.69
1c669a92-b9ab-4def-9599-0201b482a4c2.pdf,BVRLA,2023-01-07 00:00:00.000000,617.92
1da03ce4-e063-42ff-9252-9a2659027d3f.pdf,Zeela Ltd,2021-02-23 00:00:00.000000,58.23
1cfdfb03-9504-41ee-8f5b-9bf0c8ab4945.pdf,Parcel2Go.com Ltd.,2025-10-28 19:13:21.466000,5.32
1c735a03-6232-4a96-9156-1f3a7b4e91e7.pdf,Sadler & Frost Limited,2022-12-15 00:00:00.000000,120.00
1d5fba0b-fe5c-439c-9727-8ceb844876d0.pdf,PacketStream Inc.,2021-04-02 04:30:00.000000,1000.00
20975927-547f-475c-ae40-9552812e3681.pdf,PacketStream Inc.,2021-06-08 04:30:00.000000,500.00
1d9657c3-12ee-41eb-86a8-e6b4cbabb22f.pdf,Mailbutler GmbH,2022-05-23 00:00:00.000000,12.95
39fc70e1-2be0-4cd0-80c6-a8156a8ec739.pdf,BKM TRANSPORT UK LTD,2025-10-28 19:15:41.591000,183.40
1fcce4c3-7081-4413-a04c-b52fffb842f1.pdf,Mantle Ltd,2023-01-07 00:00:00.000000,228.00
1c962b14-7762-42f8-924f-7d43f0025173.pdf,"Gatwick Airport Ltd.,",2024-02-25 00:00:00.000000,15.00
2046ec18-0231-44b6-9ed2-ca7089566d05.pdf,Mailbutler GmbH,2023-08-23 00:00:00.000000,12.95
1dbc264e-b9f3-4d0b-bdb9-60f319adfba6.pdf,Google Cloud EMEA Limited,2022-05-31 00:00:00.000000,9.20
229dad5b-bb4e-48a8-9ea6-959cc14f4286.pdf,Parcel2Go.com Ltd.,2025-10-28 19:13:42.621000,13.80
2085a56b-b565-4a36-96a0-fc004bd7ae8f.pdf,TECH ACADEMY,2022-10-10 00:00:00.000000,3.00
1f01d1fa-d697-42a7-b260-1733c4e9c420.pdf,"Cloudflare, Inc.",2023-08-14 00:00:00.000000,9.15
20d80e90-eaa9-4e16-90ac-59d31366f70f.pdf,oxylabs,2024-02-01 00:00:00.000000,0.00
21409603-360e-4b31-a8e2-73adfbdafd62.pdf,Mailbutler GmbH,2023-07-23 00:00:00.000000,12.95
212ba591-7bce-4651-ab20-86eac685e4cf.pdf,ITC SERVICES!,2025-10-28 19:13:49.276000,975.23
23c01a07-023e-4d46-ba28-259cc56412b7.pdf,Parcel2Go.com Ltd.,2025-10-28 19:13:50.945000,5.68
22da9bcd-417f-4aec-a7ee-8ddcee314603.pdf,"Linkedln Ireland Unlimited
Company",2022-09-26 00:00:00.000000,58.32
2428f63d-65a7-4aeb-b43f-80df76c2cbbd.pdf,"WorldPay,",2021-12-23 00:00:00.000000,0.00
224e69b8-64e8-44f1-ac55-6fbcfce63f02.pdf,NEFIS BULGUR SAN.TIC.LTD.STI,2025-10-28 19:13:57.380000,0.00
2358acbe-27ad-4d3c-b571-eda93337f544.pdf,Citation ISO Certification Limited,2025-10-28 19:13:57.481000,253.69
23b3eadb-61f6-493c-b2aa-9dff5bbb49cf.pdf,EUROTURK FREIGHT SOLUTIONS LTD,2025-10-28 19:13:58.877000,541.12
265bb6bd-1c4a-422b-b77a-d6ae68b3400e.pdf,Sadler & Frost Ltd,2022-04-06 00:00:00.000000,120.00
25da20e9-7733-4291-a78e-d7c5590abaee.pdf,Sadler & Frost Ltd,2021-04-06 00:00:00.000000,120.00
261daed5-0e33-41ff-94fc-91e588aa6c11.pdf,Google Cloud EMEA Limited,2022-11-30 00:00:00.000000,9.20
4c302bb9-321b-4df3-93e4-9b495b7d6183.pdf,Mailbutler GmbH,2021-06-23 00:00:00.000000,12.95
25ecde18-f1f6-43b1-ba38-75369e94b6a8.pdf,AVASK Accounting & Business Consultants Ltd.,2025-10-28 19:14:04.866000,15.00
24797e8f-12c7-4482-8a96-8931b3519aac.pdf,Zeela Ltd,2021-02-10 00:00:00.000000,207.70
26e13e1d-abdb-4811-a49e-16393c515db3.pdf,Hasan SARI,2023-07-30 00:00:00.000000,1100.00
26ce76a5-2486-4e45-a070-569e6f5db67a.pdf,"Safestore Ltd,",2025-10-28 19:14:10.973000,182.84
267be40c-ce3a-4057-960f-532b8e963229.pdf,ZOOM,2025-10-28 19:14:11.477000,60.00
2734c096-9595-440c-86a8-895930fd34cd.pdf,APCOA Parking (UK) Ltd,2025-10-28 19:14:11.797000,7.10
2745b968-4025-4de1-966f-f4387a161970.pdf,Mailbutler GmbH,2021-12-23 00:00:00.000000,12.95
2916929e-8838-4cf4-91f2-8faaae9d7026.pdf,PacketStream,2021-03-31 04:30:00.000000,500.00
281c5cc9-5521-4b45-9237-5a06c248af2f.pdf,"Linkedln Ireland Unlimited
Company",2022-05-26 00:00:00.000000,58.32
274ca5a1-90f0-46b2-963d-9bcf1f6f3813.pdf,"Linkedln Ireland Unlimited
Company",2023-06-26 00:00:00.000000,58.32
27aad2a3-5f37-4eb8-9099-328633308455.pdf,Sadler & Frost Ltd,2021-03-06 00:00:00.000000,120.00
2c18bd6f-7134-4d67-81a4-3223af48f55c.pdf,Hasan SARI,2023-11-30 00:00:00.000000,1100.00
283e2fd1-d029-4f71-9aca-8953bd1ebeed.pdf,TECH ACADEMY,2022-06-20 00:00:00.000000,2.40
2d1bf6a3-accb-4218-8114-893e999b9c77.pdf,Mailbutler GmbH,2022-08-23 00:00:00.000000,12.95
2cbbbd60-e930-4521-bf7b-2a7d75a85996.pdf,"MGM EXPRESS ULUSLARARASI KARGO TASIMACILIGI
LTD. STI",2025-10-28 19:14:27.543000,9.20
2c5d98d4-0a74-400b-9860-06b72da42155.pdf,Google Ireland Limited,2021-02-28 00:00:00.000000,8.28
2c79e73c-3435-4554-a4c5-0776aac039e3.pdf,SiGMA,2024-02-25 03:30:00.000000,945.00
2d562622-c3f9-4965-8c4a-3116641f4c7d.pdf,"Safestore Ltd,",2025-10-28 19:14:30.412000,182.84
2f5300b9-3565-40ab-a124-fffec8941cfc.pdf,ETA LOJISTIK DANISMANLIK DIS TICARET LIMITED SIRKETI,2025-10-28 19:14:33.648000,111.20
304e7202-7771-41be-bf17-2af7b539be33.pdf,ParkBee Ltd.,2024-01-27 03:30:00.000000,10.98
2dc1f19e-9ecd-434f-a728-f2bbef00c7d2.pdf,SWAP Multiservices,2023-09-08 00:00:00.000000,6320.48
4c75c3b0-cc9e-429c-917e-2b442ed3b533.pdf,Hasan SARI,2023-05-31 00:00:00.000000,1000.00
2fe0a8e2-cf84-4a34-9ddf-5cc7f0c9871f.pdf,"Safestore Ltd,",2020-10-10 00:00:00.000000,244.61
30a66df2-236a-4ec3-9291-c5842d7af1db.pdf,"Amazon Services Europe S.ar.l.,",2025-10-28 19:14:44.465000,36.79
2fc09559-c18e-4b67-abe1-21d3139fef98.pdf,TransferWise Ltd,2020-12-08 00:00:00.000000,0.00
2e0e0ab0-112b-4e4c-a68d-b832973d35b1.pdf,BRITISH AIRWAYS,2024-01-23 00:00:00.000000,0.00
31cf2867-8acf-40a0-8286-4ea7eabe615d.pdf,"Yolculuk özetinizi burada bulabilirsiniz, M. Cihat",2025-10-28 19:14:48.764000,0.00
330a5326-9d44-4c89-83ed-a2daf83d17bb.pdf,Zeela Ltd,2025-10-28 19:14:50.228000,1.50
34aaa9f9-ae3f-4699-8e07-e3ef85cccf1b.pdf,"Parcel2G
.com",2025-10-28 19:14:56.768000,7.62
349bb155-f981-44ee-8f2f-71cb9b093dad.pdf,Google Cloud EMEA Limited,2023-07-31 00:00:00.000000,9.20
35004430-4477-44d7-a1b8-33a4b9974c24.pdf,"Safestore Ltd,",2020-10-04 00:00:00.000000,244.61
3520c709-addc-4403-924a-930b3cfcc67f.pdf,"Safestore Ltd,",2025-10-28 19:15:07.861000,8.99
35d05f37-c35f-47d9-b510-88c81874f709.pdf,ROCKETLAWYER,2025-10-28 19:15:12.412000,29.99
45e0ac80-281e-44ed-9179-719e4cfa4b5b.pdf,QMS International Ltd,2025-10-28 19:16:58.560000,222.20
34d6e083-a547-455c-b7a0-bf0b01079170.pdf,"Medical
Industry Limited",2023-03-27 00:00:00.000000,146.00
3528fd29-8649-4c82-b567-1cf5af375a17.pdf,Avask Accounting & Business Consultants Ltd,2022-03-10 00:00:00.000000,0.00
3553c8b2-f6cc-4917-9b46-3ec3e3d9ba82.pdf,"Safestore Ltd,",2025-10-28 19:15:20.003000,206.78
380ad410-f474-4e34-a692-f271a4a44ff8.pdf,DeepL,2023-05-21 00:00:00.000000,24.99
36e0c726-f9b9-434e-b1b9-143213584f8b.pdf,"Safestore Ltd,",2022-09-09 00:00:00.000000,182.84
374dab3e-f25f-471b-a95b-6cb8e3084b7f.pdf,Pointis Solutions Limited,2021-12-06 00:00:00.000000,280.80
349cfc2c-7d2c-4923-9e2c-cfceff852d04.pdf,Turkish Airlines.,2022-03-04 00:00:00.000000,4.44
38735b84-7e84-4776-98bd-9e5d1a706a80.pdf,Google Cloud EMEA Limited,2025-10-28 19:15:35.633000,684.75
39f72c65-2dae-4242-a1f0-4d4d41beaf95.pdf,Mantle Ltd,2024-01-01 00:00:00.000000,228.00
38031209-dcc4-45b4-afc2-f36c9f52e3c8.pdf,"Linkedln Ireland Unlimited
Company",2022-06-26 00:00:00.000000,58.32
3d9670fc-c450-4099-aff9-c12789b1b405.pdf,Tech Heaven Outlet,2021-05-04 00:00:00.000000,227.41
3c0d346c-4f57-4a09-809f-e5ac22745f3c.pdf,Jakub Kratochvil,2022-11-04 00:00:00.000000,10.07
3e47abb7-d670-4ec1-84e6-54c57eb59c73.pdf,Hasan SARI,2023-03-31 00:00:00.000000,800.00
3ee46f94-5dde-4db7-9b97-d9bb69ba1c41.pdf,Parcel2Go.com Ltd.,2025-10-28 19:15:48.219000,3.29
3e45340f-bf5c-472a-a154-0a849a069a81.pdf,CiZGi TELEKOMUNIKASYON ANONIM SIRKETI,2025-10-28 19:15:52.649000,4.62
40656c5e-542e-44b8-8243-918b3a921636.pdf,GRAND MOZAIK YASAR YARDIMUMAR,2025-10-28 19:15:58.554000,0.00
3e49e025-2231-4fda-be55-591022a07cb2.pdf,BRITISH AIRWAYS,2024-01-23 00:00:00.000000,0.00
40ab7d58-2e19-4eb8-8059-6590800571e4.pdf,MyWorkSpot Ltd,2021-01-08 00:00:00.000000,12.00
4203d228-7303-435c-b0ba-2bb9a45c3ef4.pdf,Mailbutler GmbH,2023-03-23 00:00:00.000000,12.95
41ddcd1d-7ac6-4dc1-92cd-979501843751.pdf,"Foshan Grace Metal Co., Ltd.",2022-07-20 00:00:00.000000,3.96
40e5c3eb-3078-4514-a6fa-f7b6b14f8543.pdf,OMAN AIR,2023-10-29 00:00:00.000000,1142.71
3893290e-65ef-45ab-935f-de085652dafe.pdf,Hetzner Online GmbH,2025-10-28 19:16:32.487000,3.52
42769100-4b4e-4602-8f75-514b5483769c.pdf,Mantle Ltd,2025-10-28 19:16:36.501000,57.00
42c67e55-ebde-4b73-b6bd-4f4520d56ce6.pdf,BRITISH AIRWAYS,2024-01-20 00:00:00.000000,0.00
42287f32-6490-4a8b-994b-c97f332bc8ea.pdf,"SureStore, Wokingham",2023-08-01 00:00:00.000000,115.98
426c827b-dfa4-4eec-9785-db309607c983.pdf,DeepL,2023-06-21 00:00:00.000000,24.99
4511e534-11c3-49ac-8b79-27353c8ccd92.pdf,Mantle Ltd,2023-01-10 00:00:00.000000,228.00
4322e730-7977-4039-9e31-8820a67ef7de.pdf,GM Insurance Brokers Ltd,2025-10-28 19:16:51.680000,100.26
45e63a71-c468-4b5c-b68b-119820adb2fc.pdf,MALCA-AMIT,2025-10-28 19:16:58.249000,140.00
4603318a-ccaa-4298-b5ca-1d7b7ca683af.pdf,"John Lewis Plc,",2022-05-12 00:00:00.000000,189.00
2e25f6d6-c85f-44ed-bc0d-5cb0fae581ea.pdf,Hetzner Online GmbH,2025-10-28 19:17:04.343000,8.20
462dcec2-6609-4dbe-898e-b2928cde7bff.pdf,oxylabs,2023-07-10 00:00:00.000000,0.00
4637069c-02db-4826-b049-2990ab845a27.pdf,"OSAS Consulting Occupational Safety
-
& Administrative Services",2025-10-28 19:17:09.441000,2.25
45c2dfe4-a3fe-463a-af8e-4772967c8412.pdf,Booking.com,2025-10-28 19:17:09.495000,56.25
46d5aea0-3b3b-4557-8006-186121c45628.pdf,"Safestore Ltd,",2025-10-28 19:17:14.927000,182.84
4b5a7702-6d5b-4f9d-90be-5e2717075fca.pdf,BVRLA,2023-01-09 00:00:00.000000,617.92
491dbbc0-3bc3-44f5-b464-33aae56a01e2.pdf,RapidAPI,2023-05-18 00:00:00.000000,300.86
4816a134-b27e-4b57-98f4-c0817818cff0.pdf,Google Cloud EMEA Limited,2023-05-31 00:00:00.000000,9.20
48755f6e-0955-4bad-b365-27e6e2818303.pdf,Mailbutler GmbH,2021-04-23 00:00:00.000000,7.95
4bd0c43a-a4f9-42dd-9c29-66cc4f82f65a.pdf,TECH ACADEMY,2023-10-25 00:00:00.000000,1.20
4ea8a1b5-7e80-4f67-a8f9-f8061245480b.pdf,Poyraz Pharma llaç-Med. ith.ihr.Ltd.Sti.,2022-03-02 00:00:00.000000,2.49
4e98d6a2-89d3-48ec-b36d-91043dea6a7b.pdf,FedEx Express UK Limited,2025-10-28 19:17:36.139000,176.15
4c79f7aa-6e13-42fe-9e07-f59cfa060841.pdf,Google Cloud EMEA Limited,2022-08-31 00:00:00.000000,9.33
4f9ae0e5-ddd2-4c09-b89e-1d1b271907d3.pdf,Swap Multiservices,2023-10-09 00:00:00.000000,5.12
4bb89501-a799-4d37-a8ac-c20619a4b096.pdf,American Express Company,2025-10-28 19:17:43.076000,293.87
4f29d65e-71e1-435d-9081-5764b3e35301.pdf,Zeela Ltd,2023-07-31 00:00:00.000000,3.00
4f0700d7-2075-4757-8eca-94bdb9b569df.pdf,"Safestore Ltd,",2020-10-09 00:00:00.000000,244.61
5064c316-065c-454b-8712-c389151b9b91.pdf,"Safestore Ltd,",2022-04-11 00:00:00.000000,182.84
4f703547-f59f-4d58-83e8-155959a9a5c6.pdf,American Express Travel and Lifestyle Services,2025-10-28 19:17:47.202000,615.03
5213bad3-ff47-49f5-b15b-526153be87f4.pdf,Mantle Ltd,2022-01-11 00:00:00.000000,228.00
50c5ea8c-6046-4d0c-9530-51f992d03715.pdf,"""British Airways .air (No Reply)""",2024-05-02 00:00:00.000000,14.99
52c9dc56-a35c-4c0c-8a63-d335ac7750e6.pdf,GLOBAL BUSINESS FREIGHT LIMITED,2021-06-30 04:30:00.000000,126.17
546ac455-e3ce-49b3-bafc-8c0913fe0d3f.pdf,ZIYA AKYUREK,2023-06-22 00:00:00.000000,250.00
5228b32e-2cec-4f0b-b88b-f61811fccc7b.pdf,eflorist,2023-07-24 00:00:00.000000,40.98
535917a0-3969-43af-9225-cd7b9d680245.pdf,Booking.com,2022-02-25 00:00:00.000000,0.00
55263f84-39f6-4bb7-810e-2440988c8d3a.pdf,Sadler & Frost Ltd,2022-06-06 00:00:00.000000,120.00
54f71677-df33-4c44-81a8-2fa5e1e84e24.pdf,Mailbutler GmbH,2023-09-23 00:00:00.000000,12.95
546d0678-9358-406e-81e6-e5a493cb745b.pdf,Mustafa Gurpinar,2025-10-28 19:18:05.261000,70.40
55e52e55-b76d-4095-92e7-18628711f6f8.pdf,TECH ACADEMY,2023-12-11 00:00:00.000000,1.80
569ce197-e7e7-4b8b-ac61-1ae4cb3e4d44.pdf,Sadler & Frost Ltd,2022-10-06 00:00:00.000000,120.00
5726cef0-272f-4cd7-add4-46aa8f4c0f28.pdf,SSLs.com,2024-02-28 00:00:00.000000,180.99
5e4b016f-0af1-4a3a-8523-e9937fe3f7d2.pdf,PacketStream,2021-03-04 03:30:00.000000,1000.00
5f63a698-ac61-47b5-8483-c78abd96afd7.pdf,Citation ISO Certification Limited,2025-10-28 19:20:50.281000,269.06
5531d06c-052c-4858-91be-57564e762b54.pdf,easyJet,2023-05-11 00:00:00.000000,0.00
56a1ffe8-08bf-4bb8-8c2b-80b6505e8c19.pdf,Sellics Marketplace Analytics GmbH,2021-12-16 00:00:00.000000,99.00
57113806-c694-4f58-9ff2-673c1d441a38.pdf,TECH ACADEMY,2023-11-20 00:00:00.000000,1.20
57c3b714-292f-4449-9037-771bd75b057d.pdf,GLOBAL BUSINESS FREIGHT LIMITED,2021-10-15 03:30:00.000000,21.30
58b9d7ac-ea4c-4e26-8262-7b5f4efae016.pdf,Mantle Ltd,2022-01-10 00:00:00.000000,228.00
5790e525-f585-43c3-be08-0d68f03c285f.pdf,Google Cloud EMEA Limited,2022-09-30 00:00:00.000000,9.20
57d91562-e445-4098-b92c-3ce89f5299dc.pdf,BVRLA,2023-01-10 00:00:00.000000,617.92
586ff429-ecb1-4d0a-bcfc-0b144226ad15.pdf,Google Cloud EMEA Limited,2023-03-31 00:00:00.000000,9.20
6008e959-454e-4c0e-971d-dc2062b18850.pdf,"Safestore Ltd,",2025-10-28 19:20:46.063000,182.84
58c5c869-910f-4b43-8d52-a3094aa93e05.pdf,MyWorkSpot Ltd,2021-01-07 00:00:00.000000,36.00
5a19422c-0859-4839-85cd-3a2f87609afd.pdf,Mantle Ltd,2023-01-11 00:00:00.000000,228.00
59fb1d9a-72fe-45a3-9a4a-7aafd8da1bbe.pdf,Google Ireland Limited,2021-01-31 00:00:00.000000,8.28
59f7830c-7965-4340-9f19-cac81b4ac262.pdf,American Express Travel and Lifestyle Services,2025-10-28 19:18:46.737000,150.69
5a48c499-dd24-4273-98a9-cfcad5303e83.pdf,odoo,2024-02-22 00:00:00.000000,379.00
5a63480f-3a95-4d77-9857-7317f8d5846b.pdf,PacketStream,2021-03-03 03:30:00.000000,1000.00
5ae036ea-88a9-4a0e-93ed-c5e1244d03cc.pdf,"nextechnology GmbH,",2025-10-28 19:19:04.940000,99.00
5eeae44c-679b-4a5a-9ff6-64a387405d78.pdf,uouanay.com LLC,2020-12-24 00:00:00.000000,56.26
5a04eba6-0730-44f9-9304-792cefcc6d44.pdf,Hetzner Online GmbH,2025-10-28 19:19:12.502000,3.10
5b3b1fce-d2b6-433d-a55b-bc1b9a4f84c9.pdf,Pinnacle Banner,2025-10-28 19:19:17.061000,96.00
5a477237-fb15-4d50-bf7a-ad6b3668194d.pdf,"Medical
Industry Limited",2022-03-09 00:00:00.000000,0.00
5c1ad374-01d2-4c2a-bb4a-579a4612f175.pdf,"Parcel2G3
.com",2025-10-28 19:19:22.706000,5.32
5d96822f-4bf1-493c-b43a-341ecc5fcbc5.pdf,Finity,2025-10-28 19:19:27.839000,86.10
5b4dbfb3-60e6-44ea-8b95-96165621f402.pdf,TRANSUK GLOBAL LOGISTICS LIMITED,2025-10-28 19:19:29.998000,460.08
5d07caf0-50c9-4039-953e-ab9befbae2a1.pdf,Parcel2Go.com Ltd.,2025-10-28 19:19:32.032000,7.08
5cd760a3-d3b4-4a45-9fbc-aa42a7da730e.pdf,"sure
store",2023-08-29 00:00:00.000000,115.98
5e454804-849a-473b-9402-fabb69886085.pdf,"Nando's Chickenland Limited,",2025-10-28 19:20:09.711000,32.45
5e9bb268-b063-4be8-896e-993f9af742e4.pdf,TECH ACADEMY,2022-07-04 00:00:00.000000,2.40
5e60f225-6aba-4539-acec-a73239161c52.pdf,MORE RETAIL LIMITED,2025-10-28 19:20:17.011000,924.95
5dfc1a70-dda9-4203-a6c7-599d133f5c54.pdf,Google Cloud EMEA Limited,2022-06-30 00:00:00.000000,9.20
5eb1b8a9-c17f-46e6-9b87-6f3f24f094bb.pdf,Pinnacle Banner,2025-10-28 19:20:24.131000,397.99
5ecf2d67-27da-4fef-825b-478878dc8dc6.pdf,"Oxylabs, UAB",2023-05-21 00:00:00.000000,0.00
5fd2d8f2-2df0-43ad-8e12-79ce2907e808.pdf,HASAN SARI,2025-10-28 19:20:35.847000,800.00
5f0169d0-5458-4491-bdae-93f78547d9fb.pdf,Platinum Cars of Wokingham Ltd,2023-11-03 00:00:00.000000,135.00
5f2ee593-a9fb-40d4-8106-c04ddd133ab5.pdf,Ez Business Services,2022-09-11 00:00:00.000000,153.00
611b3db4-67e5-4ba0-9816-2b69a89d2198.pdf,Pointis Solutions Limited,2022-02-03 00:00:00.000000,626.76
6041b309-0ebf-4c79-adc1-840ad503d9cc.pdf,Google Cloud EMEA Limited,2025-10-28 19:20:57.976000,609.98
6133b011-855b-41b8-9901-97decabaa3a5.pdf,"Safestore Ltd,",2025-10-28 19:21:02.314000,265.95
616a02fa-cb2d-42f8-a500-02351419a230.pdf,AVIS,2024-09-02 00:00:00.000000,1.74
620b19dc-3112-41c6-a7fb-ea995959f8b1.pdf,Zeela Ltd,2025-10-28 19:21:07.423000,-799.00
622feb2b-88fb-48a5-890f-f1110f14f841.pdf,ZEELA LTD,2021-03-18 00:00:00.000000,35000.00
62bc36c6-0c77-476a-86f6-df9d4a77a2bb.pdf,PacketStream,2021-04-01 04:30:00.000000,1000.00
63706b88-71e7-4b4f-b25b-1a8a4fb73e43.pdf,"OpenAI, LLC",2023-12-27 00:00:00.000000,20.00
6477ee1b-3713-48f1-803a-c46bda2506a3.pdf,"Grammarly, Inc.",2022-09-16 00:00:00.000000,144.00
61d81c72-b810-4a7f-a7bb-2a40dd67a93d.pdf,Wisecars Support,2023-11-18 00:00:00.000000,509.78
64c96542-f82e-41d6-a45d-b9e62444fd8c.pdf,Mailbutler GmbH,2021-05-23 00:00:00.000000,7.95
63ccf472-dc1c-44de-90a9-d8de303f0176.pdf,"Linkedln Ireland Unlimited
Company",2023-01-26 00:00:00.000000,58.32
65210635-5bc8-42f7-810d-863fe16b2949.pdf,"Parcel2G.
.com",2025-10-28 19:21:27.539000,25.66
64de6639-ae2d-4133-92b2-a6bb784e4ab5.pdf,"Travelodge Hotels Ltd,",2022-02-09 00:00:00.000000,115.99
64e69870-b566-4f14-a2b0-ad02776773d6.pdf,ZIYA AKYUREK,2023-01-11 00:00:00.000000,576.00
672c640c-8a84-43e8-bc94-d979e5f045dc.pdf,BVRLA,2023-01-12 00:00:00.000000,617.92
68096473-a7a9-4ba8-8e3e-a5b5a41d17d5.pdf,SELLERBOARD,2025-10-28 19:21:39.835000,99.00
5945caad-eaa8-4c4c-932b-caa096c43521.pdf,Hetzner Online GmbH,2025-10-28 19:21:38.727000,7.60
679a2fdb-a42d-49e1-a096-21f3bf21bfa8.pdf,AST TRADE BG EOOD,2025-10-28 19:21:41.693000,60.00
73db7d33-838d-4831-ad3c-0d4856f561f8.pdf,Hetzner Online GmbH,2025-10-28 19:29:43.122000,8.70
65408972-8883-43f6-b576-9ba66121d515.pdf,NEFIS BULGUR SAN ve TIC LTD STI,2025-10-28 19:21:48.395000,14.01
6839a19d-7db8-4372-800f-1d7c4aaa5c85.pdf,Sadler & Frost Ltd,2021-09-06 00:00:00.000000,120.00
687adbf4-7d28-49cb-9d33-e6cae19a7148.pdf,"Linkedln Ireland Unlimited
Company",2022-07-26 00:00:00.000000,58.32
69a06b49-eb14-4db3-b614-540659e9fde5.pdf,flydubai,2025-10-28 19:21:56.028000,160.99
6a1482bf-e3f6-46e6-b063-7876229fc16e.pdf,parcelhero,2025-10-28 19:21:56.180000,505.01
69fc95b7-68d5-4956-b62a-289a86e0e386.pdf,PacketStream,2021-03-08 03:30:00.000000,1000.00
69e98d78-3978-4281-9214-bf76977cb08e.pdf,"Oxylabs, UAB",2023-06-29 00:00:00.000000,0.00
6a20a9c3-d840-46c3-add6-bf85516be659.pdf,Hasan SARI,2023-08-30 00:00:00.000000,1100.00
6b5b232b-3859-4850-84bc-b23046b45076.pdf,Mailbutler GmbH,2021-11-23 00:00:00.000000,12.95
6c15ae57-c541-43ce-987e-2a879a3afc8d.pdf,"nextechnology GmbH,",2025-10-28 19:22:03.412000,99.00
6cbe0f25-94f5-4c8f-86b6-69c080cbc807.pdf,Sadler & Frost Ltd,2021-05-06 00:00:00.000000,120.00
6cdee8ae-ead5-456d-9e52-88da1c2310e3.pdf,Google,2022-08-08 00:00:00.000000,9.20
6a2f451b-c8d7-4654-a75b-c9fc52ecd0f1.pdf,NECM KIMYA AK.UR.MED.MALZ.SAN.TIC.LTD.STi.,2020-10-09 00:00:00.000000,7.47
6df19336-26b7-4fa3-bc4e-9c4594e76eb4.pdf,"Linkedln Ireland Unlimited
Company",2021-03-26 00:00:00.000000,58.32
6df1afdd-1d9e-40f2-98c8-2124b4fc6ffb.pdf,Mantle Ltd,2022-01-12 00:00:00.000000,114.00
6f09203f-f884-4df9-aab4-53833124bbbb.pdf,PacketStream Inc.,2021-04-04 04:30:00.000000,1000.00
6e85b5b2-635f-41c2-b4f5-1512c4777337.pdf,"""British Airways .air (No Reply)""",2024-02-08 00:00:00.000000,14.99
6f483b6a-7138-40a5-b368-808e9beab520.pdf,QMS International Ltd,2021-09-01 00:00:00.000000,539.46
6f8f3d2a-85d1-4ca3-966b-351a6151dac3.pdf,"ENDOCORE, S.L.",2025-10-28 19:22:24.220000,100.00
6e1727d2-ff64-458a-a261-1867e8187f5c.pdf,RENTALCOVER.COM,2023-12-24 18:09:08.000000,18.66
6ff41487-e3df-4f9b-bde6-08860a8f1827.pdf,ZOOM,2025-10-28 19:22:27.113000,10.00
6deacebc-7f19-4e46-ab46-43d38fccc0b0.pdf,Hetzner Online GmbH,2025-10-28 19:22:31.624000,3.27
707b8245-b5ff-4e78-be6c-35f96659419e.pdf,"Safestore Ltd,",2022-02-12 00:00:00.000000,206.78
718f0357-9dc5-4152-8867-5994a212627c.pdf,SWAP MULTISERVICES,2023-09-25 00:00:00.000000,7.56
72029c6c-4442-4849-ab84-33dd6957f186.pdf,"Safestore Ltd,",2025-10-28 19:22:38.421000,265.95
734ff4e4-3899-4c3a-8c90-1b57fac9fd6f.pdf,PacketStream Inc.,2021-04-03 04:30:00.000000,1000.00
6f9304cd-806e-4095-95e9-ba747da5325c.pdf,American Express Travel and Lifestyle Services,2025-10-28 19:22:39.358000,632.53
95667f4f-e07c-4051-b023-d9beaed0263e.pdf,Hasan SARI,2023-04-30 00:00:00.000000,800.00
7165b121-6841-453f-a748-7dc2ac40014e.pdf,U.P.S. Limited,2024-01-12 00:00:00.000000,1.73
7193aa73-3a11-4874-b4e5-4a66bc9f4175.pdf,TECH ACADEMY,2023-03-28 00:00:00.000000,2.40
738008a7-48f9-4671-a1a1-34a0c7bc9ee3.pdf,"Parcel2G.
.com",2025-10-28 19:22:44.175000,2.75
72eb5a40-095d-4ff5-baff-883bb1cd9c00.pdf,Parcel2Go.com Ltd.,2023-07-03 00:00:00.000000,3.29
73884f54-41c8-49e7-b363-a36bc4ff22fe.pdf,Sellics Marketplace Analytics GmbH,2021-06-30 00:00:00.000000,99.00
740db172-d0c5-4bb0-b67b-1a3f31151140.pdf,Alpha Diagnostic Intl. Inc.,2022-08-29 00:00:00.000000,0.00
7572db36-efa1-4d6b-a17a-0656c966ae7a.pdf,Contract Finder Pro,2022-10-05 00:00:00.000000,94.80
75df8b18-1b5b-4f7b-8f44-f081d4356559.pdf,GLOBAL BUSINESS FREIGHT LIMITED,2021-08-15 04:30:00.000000,267.84
833d11d3-63e1-4a26-966d-063bd41fb6e1.pdf,Hasan SARI,2024-01-30 00:00:00.000000,1750.00
7433c07f-f04c-4d97-80a8-4609f9481969.pdf,"XFast
Global Logistics",2025-10-28 19:27:57.006000,11.86
77b021c1-c18b-4f51-8db5-ef8bd15e0a00.pdf,"nextechnology GmbH,",2025-10-28 19:27:57.327000,99.00
75b9d83d-2c62-4828-814d-b5ac313de79a.pdf,"SureStore, Wokingham",2023-03-14 00:00:00.000000,79.59
78d48eda-8e41-48e6-a1db-008de4ce2579.pdf,"Linkedln Ireland Unlimited
Company",2022-03-07 00:00:00.000000,58.32
793a162d-982b-4df5-a0f3-0faea0a77b7f.pdf,"Yolculuk özetinizi burada bulabilirsiniz, M. Cihat",2025-10-28 19:28:04.282000,0.00
79ea1c0f-1798-4140-9b71-deb4a74d9e49.pdf,"Linkedln Ireland Unlimited
Company",2023-04-26 00:00:00.000000,58.32
7aba9a1d-d6f8-4b1f-9edf-5305e2b20830.pdf,"Safestore Ltd,",2022-07-10 00:00:00.000000,182.84
79ba0d55-dcd4-41b3-9bc5-4e5d2c21ac10.pdf,Google Cloud EMEA Limited,2025-10-28 19:28:14.935000,609.98
779ac299-2bcb-4eac-a682-6aaa6c5cede8.pdf,Hetzner Online GmbH,2025-10-28 19:28:21.374000,3.45
7bd55442-6142-4302-a406-1a209dd93c70.pdf,Zeela Ltd,2023-07-05 00:00:00.000000,375.00
840f8e4d-1615-42e4-ab0b-a81d3d04c2a9.pdf,PacketStream Inc.,2021-03-20 03:30:00.000000,250.00
7a70769d-4ba3-435b-a6a5-d6b3fed6760b.pdf,"SureStore,",2024-02-13 00:00:00.000000,128.80
7cbfe5ca-336b-4e74-89fe-f8af7f722aaa.pdf,"Safestore Ltd,",2025-10-28 19:28:26.985000,182.84
7d20e67b-3430-499f-bc39-544c09b1cd71.pdf,Mantle Ltd,2023-01-02 00:00:00.000000,114.00
7d0aa666-c98b-4b6c-8ad9-8777bcfe71aa.pdf,Mailbutler GmbH,2024-02-23 00:00:00.000000,12.95
7d2e1365-ff62-4ef4-9bde-0d5aa2f97edf.pdf,Paddle.com Market Ltd,2025-10-28 19:28:33.805000,7.20
7dd813b7-97b4-4271-a968-f6d5c8906296.pdf,"ARAS
SOLUTIONS",2023-04-04 00:00:00.000000,30.68
7ad5f5a4-ae00-4191-8b71-906df760aae5.pdf,Trainline,2022-09-26 00:00:00.000000,39.79
7e74d503-e58c-494d-a7f0-856fdbb28453.pdf,amazon.co.uk,2025-10-28 19:28:42.817000,248.22
83eabd18-afe3-4b57-aadd-65a875dee2a2.pdf,Google Ireland Limited,2021-05-31 00:00:00.000000,8.28
8704fbe0-7165-4c90-b6fb-abf57bbb4a08.pdf,"SureStore,",2023-12-19 00:00:00.000000,115.98
7da41421-e931-495e-9289-0f2298fb87fe.pdf,Sadler & Frost Ltd,2023-01-15 00:00:00.000000,120.00
7f62a020-6536-4f61-9b44-7492f89411b2.pdf,Mixam UK,2022-04-22 00:00:00.000000,0.00
7f44b45d-50dd-45f4-b8bf-bd4372f9dc2c.pdf,zoom,2023-05-25 00:00:00.000000,15.99
7f4735b5-2dae-44a4-a582-824d9f2525e2.pdf,BRITISH AIRWAYS,2024-01-23 00:00:00.000000,0.00
80d4ed1e-a5a2-457f-8d78-69ba2743b094.pdf,Sadler & Frost Ltd,2022-09-06 00:00:00.000000,120.00
7fa18959-26e8-4be0-9bed-57e006f2cc33.pdf,1Password,2022-04-05 00:00:00.000000,71.82
7fb34b77-cafc-4f31-bcd2-2e8400027e33.pdf,Mustafa C Gurpinar,2025-10-28 19:29:00.983000,10.88
82b2a582-597c-4041-ae7b-eacb55a63ed8.pdf,PacketStream Inc.,2021-05-09 04:30:00.000000,100.00
83ddf899-eef0-45f7-99d6-80d379660a25.pdf,ahmet duyar ta imacilik,2025-10-28 19:29:06.712000,177.30
84395894-1232-4560-84e4-bbce173ac44a.pdf,Apple Distribution International Ltd.,2021-03-03 00:00:00.000000,1.70
84c62795-8fe0-4d7c-9b1a-84f529856e15.pdf,"-
OSAS Consulting Occupational Safety
& Administrative Services",2025-10-28 19:29:21.384000,1.68
814ba813-16b9-476c-9d82-84a603a50167.pdf,Hetzner Online GmbH,2025-10-28 19:29:21.705000,3.12
85044cb5-a062-445a-bd14-171403a734d1.pdf,Google Cloud EMEA Limited,2021-09-30 00:00:00.000000,8.28
84badf96-afbe-47cf-816e-6c9b31feda5e.pdf,SWAP Multiservices,2025-10-28 19:29:27.888000,4999.46
86ac3e5c-b2ab-4757-8fd5-0546bd329966.pdf,"DIG TAL
ONLINE MEDIA & TRANSLATION SERVICES",2025-10-28 19:29:29.960000,350.00
851d6e7c-97aa-4b92-a50f-6ab10c9e83a1.pdf,zoom,2023-08-25 00:00:00.000000,15.99
864835af-e966-40b8-9e3c-1a88223d9e11.pdf,ups,2022-11-28 00:00:00.000000,2.45
87cded31-8ed4-4b9a-a02b-0caee7e2a0c9.pdf,Mantle Ltd,2022-01-09 00:00:00.000000,114.00
87ebeacd-66ee-4054-a1dc-c6e057b952ad.pdf,CiZGi TELEKOMUNIKASYON ANONIM SIRKETI,2025-10-28 19:29:50.443000,896.64
87f690c7-d33c-4059-bebc-44026f4a9be9.pdf,TEKSAN TEKNIK MALZEMELER SAN.VE,2025-10-28 19:29:55.799000,116.01
8835b454-0e53-4c7d-8f15-cfa884f543ca.pdf,Sadler & Frost Ltd,2021-10-06 00:00:00.000000,120.00
87f5f5a0-0035-4d48-9517-902f5973dc45.pdf,"DAISYHOME TEKSTIL ÜRÜNLERI ITHALAT IHRACAT SANAY VE
TICARET LIMITED SIRKETI",2025-10-28 19:30:00.131000,26.10
88cae24b-2b0c-4227-91dd-b1927ac00492.pdf,TECH ACADEMY,2023-07-21 00:00:00.000000,1.80
8965f1bb-ddb2-4b9e-8a66-e3a8aff1cef6.pdf,Mailbutler GmbH,2021-08-23 00:00:00.000000,12.95
8a2eb824-0a51-45c2-983f-09b07881fbe3.pdf,PacketStream Inc.,2021-04-06 04:30:00.000000,1000.00
89327317-fccd-4a64-8a89-f1e59c5b789d.pdf,"SureStore, Wokingham",2023-11-21 00:00:00.000000,115.98
9d388e8e-ab87-47a6-a563-cd0d529e6e3c.pdf,Jungle Scout,2021-02-17 00:00:00.000000,69.00
8a6f0f50-4c0b-4b15-918d-9c3f310f5262.pdf,Mailbutler GmbH,2022-10-23 00:00:00.000000,12.95
8ae9ae1b-5900-416f-9bf4-edfc7dc9d480.pdf,Zeela Ltd,2021-08-02 00:00:00.000000,950.00
8aa057b5-2f43-4b17-a2d6-113bd1b49e20.pdf,Chad Gurpinar,2023-05-10 00:00:00.000000,179.99
8b49406e-5894-4f62-aee7-1819594e990e.pdf,Mustafa C Gurpinar,2021-02-01 00:00:00.000000,10.99
8b103d80-3ae5-415d-9391-c0176fad086f.pdf,UPS.,2024-01-12 00:00:00.000000,1.49
8adfafeb-f55a-4ff6-9255-d5500f9ab6eb.pdf,Surewise,2025-10-28 19:30:38.089000,32.80
7e637987-419e-4661-968b-7e322b7f0f88.pdf,Hetzner Online GmbH,2025-10-28 19:30:41.280000,8.47
8d8563bb-7d32-44d5-ab3b-0d380840adcb.pdf,Contract Finder Pro,2022-09-05 00:00:00.000000,94.80
8bdc5c9c-4eba-4aad-8474-65a635d7e3b7.pdf,izmo Europe bvba.,2025-10-28 19:30:54.014000,102.37
8dcd8912-c8f9-4f5f-a0ee-ced3f1f01fe6.pdf,Contract Finder Pro,2022-08-05 00:00:00.000000,94.80
9fc296ad-4b60-4a16-8e52-0e14140695d2.pdf,Hasan SARI,2023-02-28 00:00:00.000000,800.00
8c81f6d0-78ba-4b12-9553-f6f8cc3ac78d.pdf,"WCS
wholesale congress series",2025-10-28 19:31:00.502000,550.00
8e084897-0b0f-4dcd-b1d0-3db81a0010af.pdf,Parcel2Go.com Ltd.,2025-10-28 19:31:01.245000,5.68
8d326d83-831d-4cb8-bd96-ccce48b1ba3f.pdf,Amazon EU S.àr.l.,2022-02-24 00:00:00.000000,257.23
8e4a563b-a736-4cfb-8ee4-28c78ce42bf5.pdf,airbnb,2024-02-14 00:00:00.000000,139.16
86e8e7f3-d836-49f6-8db5-84ff45aeff67.pdf,Hetzner Online GmbH,2025-10-28 19:31:08.090000,6.88
8f5ce693-3d05-400c-96a1-ededd460e528.pdf,TECH ACADEMY,2023-08-22 00:00:00.000000,2.40
906345f4-3d3c-4a5e-ba29-8e8c8c487cd8.pdf,Mailbutler GmbH,2023-04-23 00:00:00.000000,12.95
8c4a56b4-6471-4e6e-bd08-3d57931bccf7.pdf,"travel
aware",2024-01-13 00:00:00.000000,110.77
91a68f75-befd-490f-a329-c1809e4df048.pdf,MALCA-AMIT,2025-10-28 19:31:49.708000,100.00
8f5e645d-3d7d-428e-a7fb-8c1b3ec24d93.pdf,ALEKS METAL RAFINERI A.S.,2025-10-28 19:31:53.953000,1.18
946f178a-d52b-460e-913d-68cec3fc6013.pdf,Sadler & Frost Ltd,2021-02-06 00:00:00.000000,120.00
8f68d183-4072-4a88-847f-d9a977c73e04.pdf,American Express Company,2025-10-28 19:32:02.249000,454.09
95ba048e-7fe5-496a-9a6e-aba9c797bcd6.pdf,TECH ACADEMY,2022-09-05 00:00:00.000000,2.80
97f62c9a-01ac-4310-b06d-edf3e6cfc01e.pdf,APCOA Parking (UK) Ltd,2025-10-28 19:32:06.194000,5.50
980d22e1-179f-431d-8bdb-0a374ef27314.pdf,GM Insurance Brokers Ltd,2020-04-06 00:00:00.000000,36.75
98647995-d87d-4023-84ef-42b75460b9dc.pdf,"Parcel2G
.com",2023-01-03 00:00:00.000000,182.37
98227e09-e690-4c41-8e51-6152684e11ab.pdf,Cihat Gürpinar,2021-05-10 00:00:00.000000,65.11
995bc1b7-3561-45a8-8617-8f92183bc3b5.pdf,Sellics Marketplace Analytics GmbH,2021-08-30 00:00:00.000000,0.00
a66b4457-127a-4e97-b29c-0bc4eae677a9.pdf,Mailbutler GmbH,2022-12-23 00:00:00.000000,12.95
999f7f7d-851b-46fb-9363-19501de9daa7.pdf,Pointis Solutions Limited,2021-05-19 00:00:00.000000,753.00
99ee32a1-ef75-43ed-a3e4-777644ecb071.pdf,Mantle Ltd,2023-01-05 00:00:00.000000,114.00
9a1c2841-6943-402a-bf22-3af62ed9951b.pdf,DAISYHOME TEKSTIL URÜNLERI ITHALAT IHRACAT SANAYI,2025-10-28 19:32:22.427000,2.21
9a308860-37ee-41c3-baf3-a587b8f9e8ba.pdf,Mailbutler GmbH,2023-12-23 00:00:00.000000,12.95
9b198f17-bdbf-4fd5-ba1a-afb316b118e6.pdf,MALCA-AMIT,2025-10-28 19:32:24.769000,100.00
9d08adf9-9e87-472c-bf46-1428536efb17.pdf,Mailbutler GmbH,2023-02-23 00:00:00.000000,12.95
9befdb82-17fc-427a-989c-bef0f4c2b9db.pdf,"Linkedln Ireland Unlimited
Company",2022-12-26 00:00:00.000000,58.32
9d199312-5500-4d7c-9993-59e460d2a743.pdf,Parcel2Go.com Ltd.,2025-10-28 19:32:29.656000,17.98
9bff3e81-7bee-4f68-8fe3-b1f0ce3989a2.pdf,"ARAS
SOLUTIONS",2023-01-05 00:00:00.000000,48.02
9b40676a-5dc7-488f-8c09-d1ade7620bb0.pdf,Mustafa C Gurpinar,2022-01-19 00:00:00.000000,29.11
a03d8f1a-33a5-49c4-8105-3d71af46c4f7.pdf,PacketStream,2021-03-30 04:30:00.000000,500.00
a04b8819-f477-4a7d-b5e8-84ada0536098.pdf,DORAMEDICAL SAGLIK SANAYI VE TICARET LIMITED SIRKETI,2020-09-06 16:22:00.000000,0.00
9f51e9ab-2d91-41f3-b6ba-b2fbbbe18fc5.pdf,"Linkedln Ireland Unlimited
Company",2022-10-26 00:00:00.000000,58.32
a09838d3-c766-4c5e-b74f-f6dd20d055d7.pdf,"",2025-10-28 19:32:44.936000,490.00
a1a7ad51-21c5-4310-96d1-8fdb4e8880f0.pdf,Jakub Kratochvil,2021-09-03 00:00:00.000000,24.79
a19bb428-8673-4f7a-949e-039676934ad7.pdf,"MyWorkSpot
MAIDENHEAD",2021-01-06 00:00:00.000000,198.00
a129c74c-418f-43ec-bdeb-a0c755a26780.pdf,AVASK Accounting & Business Consultants Ltd.,2025-10-28 19:33:02.152000,28.18
a23ee3f7-342c-444f-8d8a-e05e8b05b9d5.pdf,Zeela Ltd,2021-09-22 00:00:00.000000,600.00
a1ea35f6-8b32-478f-8145-ae233d55316b.pdf,Zeela Ltd,2025-10-28 19:33:14.628000,91.08
a640bbff-4ea9-4a1c-9bde-86e7c061339b.pdf,Zeela Ltd,2025-10-28 19:33:52.247000,10.61
a22efeda-a6ed-4144-a3e5-644f5f0f40bd.pdf,Sadler & Frost Ltd,2022-05-06 00:00:00.000000,120.00
a2a3dd3c-5109-4a31-a07b-3e44d16ae492.pdf,"",2025-10-28 19:33:27.972000,0.00
a1588e40-8699-43d5-b932-368dc233a650.pdf,Sadler & Frost Ltd,2023-04-15 00:00:00.000000,120.00
a26d4e22-1e3a-4647-99b7-7d157cf0eee5.pdf,ETA LOJISTIK DANISMANLIK DIS TICARET LIMITED SIRKETI,2025-10-28 19:33:29.604000,80.90
a471fdf0-7321-4cab-97d3-133877ee84a3.pdf,"Parcel2G
.com",2025-10-28 19:33:30.202000,44.52
a2e8c081-8ef6-45c2-be26-9fe307623b2f.pdf,American Express Travel and Lifestyle Services,2025-10-28 19:33:33.785000,551.79
a49900ec-9da6-4793-afc6-a3ba3eb8fd83.pdf,"Safestore Ltd,",2025-10-28 19:33:38.000000,182.84
a5517798-512b-4b47-98e8-baa900526fc2.pdf,Mantle Ltd,2023-01-09 00:00:00.000000,228.00
a4323bc7-1f3e-452d-a1d3-258bfde5c079.pdf,Musa taxi,2023-12-05 00:00:00.000000,65.00
a45327e5-ac3b-4939-8eae-6b9e14b9aa0d.pdf,Cihat Gurpinar,2020-12-06 00:00:00.000000,30.34
a6ea8c24-2485-4659-b561-57859024b5f9.pdf,DD METALS DMCC,2025-10-28 19:33:53.345000,126.20
a615493e-9e16-44ef-9207-90d17d4d93dc.pdf,Digital Online Media & Translation Services,2022-05-01 00:00:00.000000,3.35
a6f84bff-3b86-4721-a8ea-abd93c2996e1.pdf,"Oxylabs, UAB",2023-11-01 00:00:00.000000,0.00
a8e26ecb-a97f-4025-946e-867d585bd961.pdf,SWAP Multiservices,2023-03-09 00:00:00.000000,11529.63
a847e1ba-af39-4015-a919-ff60ec111fde.pdf,FGL ULUSLARARASI TAS. LOJ ve DIS TIC. LTD. STL,2021-09-07 00:00:00.000000,0.00
a9d76299-3d64-4e46-823a-718d5cada8fd.pdf,"Linkedln Ireland Unlimited
Company",2021-04-26 00:00:00.000000,58.32
aa30b743-4230-4b5c-92e9-d613d875d6b0.pdf,"Safestore Ltd,",2025-10-28 19:34:23.957000,145.37
a9f3cf60-eb1a-4852-b220-b33ba2bfb86b.pdf,zoom,2023-04-25 00:00:00.000000,15.99
aa3776b4-7d02-40dd-8857-2818719962ce.pdf,Sadler & Frost Ltd,2021-07-06 00:00:00.000000,120.00
ac293f60-d764-4f49-b09d-af5aeaca20b4.pdf,Hasan SARI,2023-09-30 00:00:00.000000,1100.00
aae22cdf-0a25-43b6-a69c-406a6eaea387.pdf,"Linkedln Ireland Unlimited
Company",2023-03-26 00:00:00.000000,58.32
aaec6e07-8615-41ea-94a5-f712293eb162.pdf,RapidAPI,2023-07-05 00:00:00.000000,1.00
ab287404-d4b5-447f-b32b-015db57e9a09.pdf,"GoDaddy.com, LLC",2021-01-19 00:00:00.000000,0.00
abb70669-2901-4f76-b7aa-bca95bf169b6.pdf,QMS International Ltd,2025-10-28 19:34:43.215000,222.20
ab1b62e9-4c45-4af7-b332-c7adcfd022e3.pdf,Jakub Kratochvil,2022-04-04 00:00:00.000000,11.07
a9f872f0-12d1-4e06-bd0d-d24930fc5037.pdf,Sadler & Frost Ltd,2023-07-15 00:00:00.000000,120.00
abc60a07-2e34-41e8-894e-a7daf2cbc07a.pdf,PacketStream Inc.,2021-03-25 04:30:00.000000,50.00
ac3c230e-0bb4-4a55-a892-02bf06d1ab04.pdf,"Safestore Ltd,",2022-12-08 00:00:00.000000,182.84
acf4eb17-7c0f-426f-9343-9d7e1dd9ce6e.pdf,GRACE METAL,2022-07-20 00:00:00.000000,590.00
ac1cd28e-0b08-405d-95f5-df036fbd8a44.pdf,"-
OSAS Consulting Occupational Safety
& Administrative Services",2022-02-02 00:00:00.000000,2.50
aca02c2f-cc06-483a-9ea2-a5e64394bb12.pdf,Google Cloud EMEA Limited,2022-10-31 00:00:00.000000,9.20
ad152ecc-651e-4320-b6b1-4b50e4cafc5d.pdf,Hasan SARI,2023-06-30 00:00:00.000000,1100.00
adceeb6c-94c1-402a-8ee7-6a3fcc1738d0.pdf,"necm
kimya",2020-06-10 00:00:00.000000,7.74
ae577d05-2f12-4353-ba5c-d2c6c476663a.pdf,PacketStream,2021-03-25 04:30:00.000000,500.00
ae5f61c3-dec0-48bf-89bc-6efb2bfccf61.pdf,The Royal Society of Medicine,2025-10-28 19:35:24.770000,2220.00
adf17eb6-51ca-4449-b2e8-b1191aae7eaf.pdf,TECH ACADEMY,2023-09-18 00:00:00.000000,1.20
ae8ad5ec-30fb-4d15-87c1-4474a2d9f0df.pdf,R,2025-10-28 19:35:29.519000,700.00
b04a87e7-9415-4deb-aa05-b050b24c315c.pdf,Zeela LTD,2022-06-22 00:00:00.000000,6950.00
aec43abd-e048-46d9-954e-232613f2e55b.pdf,AVIS,2024-11-02 00:00:00.000000,6.30
b21579e0-e35d-495d-a250-876f314b6063.pdf,Mailbutler GmbH,2022-02-23 00:00:00.000000,12.95
b0c14b28-ec93-4ea6-ae60-4e8b035b6c08.pdf,"Safestore Ltd,",2020-10-05 00:00:00.000000,244.61
b309eadc-bcae-4ec9-91e3-6a0d74fc3b83.pdf,Cihat Gürpinar,2021-05-04 00:00:00.000000,1.00
af35de9d-7db1-4735-bee2-fa47993f90cd.pdf,"Gatwick Airport Ltd.,",2024-02-03 00:00:00.000000,125.00
b1620a89-dbfb-438d-b0c3-a1fda93f736c.pdf,Apple The Oracle,2023-05-09 00:00:00.000000,987.00
b1e114e6-0541-4118-a31d-176cbd69f8f2.pdf,Mustafa C Gurpinar,2022-02-06 00:00:00.000000,17.12
b4c5a211-004f-47f0-920a-cec97c1656d6.pdf,Google Cloud EMEA Limited,2022-12-31 00:00:00.000000,9.20
a56e0894-eb79-40f8-ac32-3db61c89b046.pdf,Hetzner Online GmbH,2025-10-28 19:36:05.308000,8.26
b33d094e-cf13-4c3d-9f11-43b0fd818136.pdf,Google Cloud EMEA Limited,2022-03-31 00:00:00.000000,9.20
bb634bca-bae3-4777-98ba-cfd6acf969a9.pdf,Trainline <auto-confirm@info.thetrainline.com>,2022-03-21 00:00:00.000000,18.25
b45c30ab-ab42-4bd7-9245-a779aa2ca07d.pdf,Hetzner Online GmbH,2025-10-28 19:36:09.059000,2.58
b38fc3a3-d72e-4c9b-b2df-9347492eab09.pdf,amazon.co.uk,2025-10-28 19:36:09.587000,79.00
b5486b9b-f6f1-408d-8c8a-1211841a6797.pdf,m C gurpinar,2024-01-14 00:00:00.000000,160.95
b65b9a82-98a5-4c0c-be69-bfb01c93d5ef.pdf,R,2025-10-28 19:36:14.642000,800.00
b72b3f73-0584-4b9e-be02-bd595feffd17.pdf,ALEKS METAL RAFINERI ANONIM SIRKETI,2025-10-28 19:36:16.855000,0.00
b89b0d66-8044-4609-a883-b8927d40143c.pdf,Pointis Solutions Limited,2022-04-11 00:00:00.000000,145.80
b96ee13b-3c3b-4026-bfd3-8d5ed4dd3ea9.pdf,QMS International Ltd,2025-10-28 19:36:24.156000,253.69
b6ea61e7-4755-48d1-a2b9-f3c0bac46da4.pdf,PayPal UK Ltd.,2023-11-04 00:00:00.000000,36.61
ba155d7a-5b9e-437d-bc61-e603d88f796a.pdf,"Medical
Industry Limited",2021-03-09 00:00:00.000000,134.00
b97811ff-5610-42a7-a1a6-66aaf1050276.pdf,Momax Technology (Shenzhen) Company Limited,2025-10-28 19:36:32.576000,59.99
b6b3f0b7-a32b-40df-9e6c-b6a4119b5d37.pdf,Sadler & Frost Ltd,2023-02-15 00:00:00.000000,120.00
ba803dcc-01cf-43ca-877c-54acdd725d12.pdf,BVRLA,2024-01-02 00:00:00.000000,617.92
babb463f-252c-4e43-9fb4-ec7704ef0f84.pdf,Google Cloud EMEA Limited,2023-04-30 00:00:00.000000,9.20
ba5a5910-003f-42e6-9498-2958dfe5741c.pdf,Mailbutler GmbH,2022-04-23 00:00:00.000000,12.95
ba5046e2-5ea8-483e-8d12-af4c264f3be6.pdf,PacketStream,2021-03-04 03:30:00.000000,1000.00
bae9b35a-cc83-4234-a994-a3ba27ef75d0.pdf,"Parcel2G.
.com",2022-09-08 00:00:00.000000,16.00
bb791174-d1db-4b15-bb0c-32f11ae95278.pdf,AVA INTERNATIONAL VENTURE LLC,2025-10-28 19:36:49.838000,27.20
bb8b5e36-3f3a-411c-a85e-7e22bada20ee.pdf,Aras Çözüm Danismanlik ve Dis Tic.A.S.,2022-07-09 00:00:00.000000,72.50
ba2ee055-0c7d-491a-8af1-ffdb3be47b80.pdf,Hetzner Online GmbH,2025-10-28 19:36:51.900000,2.58
b84edb86-3362-468f-93f6-8d827230ba06.pdf,Hetzner Online GmbH,2025-10-28 19:36:58.605000,3.23
bb67bd2b-e21c-4350-b6d4-fb6430a9d04d.pdf,"MGM EXPRESS ULUSLARARASI KARGO TASIMACILIGI
LTD. STI",2025-10-28 19:37:00.984000,7.52
bc3d3d60-390e-4260-b5fb-c28e23e7a26d.pdf,"Cloudflare, Inc.",2023-08-28 00:00:00.000000,4.71
bac49f8d-67e9-487f-82a6-e5824324fab2.pdf,Mustafa C Gurpinar,2021-12-07 00:00:00.000000,23.98
bce79c53-54d9-46b4-9973-86c725bb553e.pdf,Poyraz Pharma llaç-Med. lth.lhr.Ltd.Sti.,2025-10-28 19:37:07.708000,2.68
bbde2f0b-9119-42aa-bbce-3c3c78212b04.pdf,"Safestore Ltd,",2025-10-28 19:37:11.345000,265.95
bb8b3076-48a8-41e1-b56d-b77b0f7507e2.pdf,Swap Multiservices,2023-10-02 00:00:00.000000,6.73
bdc6aa3b-31c9-4cb5-afb4-40cf157bde2c.pdf,BVRLA,2023-01-06 00:00:00.000000,617.92
bceb4e35-6e0b-4feb-9a46-cf074a21e582.pdf,"Linkedln Ireland Unlimited
Company",2023-05-26 00:00:00.000000,58.32
bdd47812-c4ce-4ba1-9f37-352bf7ccf133.pdf,AVASK Accounting,2025-10-28 19:37:23.111000,180.00
c097d67a-5742-4aec-bc68-119ffdfb0f0f.pdf,GLOBAL BUSINESS FREIGHT LIMITED,2021-09-15 04:30:00.000000,25.51
bdeaa703-967c-43c8-9d5f-c4d1ad0c4c55.pdf,Google Cloud EMEA Limited,2021-12-31 00:00:00.000000,8.91
c0d31de8-836d-4364-be56-477de485224f.pdf,Sadler & Frost Ltd,2022-01-06 00:00:00.000000,120.00
c05c5624-0955-46af-bd4d-b5437dbbde3c.pdf,"sure
store",2023-06-06 00:00:00.000000,89.59
c02a4a74-9966-4107-a334-a44843e33197.pdf,"SureStore, Wokingham",2023-04-11 00:00:00.000000,89.59
c2072466-19e1-4c86-993b-f85e520014cf.pdf,MHRA,2021-08-26 00:00:00.000000,0.00
c41f4943-dbce-4c70-80f9-63e9c0f95910.pdf,AVIS,2024-12-02 00:00:00.000000,202.50
c446acb6-82a7-4c67-805a-ecf0b4a3bb68.pdf,AVIS,2025-10-28 19:37:54.974000,0.00
bda37476-15fe-498d-bf33-83e7c2afbe5b.pdf,Hetzner Online GmbH,2025-10-28 19:37:36.843000,2.39
c20ebe55-7e11-406b-8749-a3a5ef661ad5.pdf,Bolt Services UK Limited,2022-07-11 00:00:00.000000,56.20
c16179d6-e29d-4348-a5a1-2957438f4f29.pdf,"Oxylabs, UAB",2023-05-29 00:00:00.000000,0.00
c0e0ad13-8e4d-4cf3-b0ec-2d97a65482ff.pdf,Mantle Ltd,2023-01-03 00:00:00.000000,114.00
c1f54930-4f76-42e0-8da5-85240b068f78.pdf,"Cloudflare, Inc.",2023-12-20 00:00:00.000000,4.71
bfb748c3-f811-4191-a44d-f4df595ef3db.pdf,"Gatwick Airport Ltd.,",2023-10-21 00:00:00.000000,168.99
c2daceeb-bf39-4b5f-b390-cd9715e39418.pdf,Mantle Ltd,2023-01-12 00:00:00.000000,228.00
c2b8cdf1-41ae-4ea6-acf1-6a8f011b46d0.pdf,Parcel2Go.com Ltd.,2025-10-28 19:37:51.901000,2.58
c3ae80c8-be54-4db6-bae4-f18e5c8ef497.pdf,"ARTVEN SAGLIK MEDIKAL INSAAT SANAYI VE
TICARET LIMITED SIRKETI",2025-10-28 19:37:52.480000,6.05
c3fdcad6-8a25-4f5a-aae3-40878f1e6cc0.pdf,TECH ACADEMY,2024-02-19 00:00:00.000000,1.20
c55bf48d-fad2-4380-9dfd-a597080c558b.pdf,Mailbutler GmbH,2022-03-23 00:00:00.000000,12.95
c4682db7-d40b-4707-9e31-50ce8b8051c8.pdf,Sadler & Frost Ltd,2022-08-06 00:00:00.000000,120.00
c48f332f-92d9-442a-a23c-c603eff36fb7.pdf,TECH ACADEMY,2024-01-22 00:00:00.000000,1.20
c5733ff9-4fa5-4bcf-a1c6-348effd79794.pdf,M. Cihat Gurpinar,2025-10-28 19:38:01.274000,800.00
c5f3c7c7-96e2-47ae-8437-f5e50fc4e107.pdf,PacketStream Inc.,2021-04-07 04:30:00.000000,1000.00
c589fa66-7711-4305-ba74-659d5deaa3ec.pdf,QMS International Ltd,2020-09-12 00:00:00.000000,539.46
c6dff043-c716-4414-9798-5b258b6675a2.pdf,Parcel2Go.com Ltd.,2025-10-28 19:38:06.828000,6.66
c752afd1-dba6-4809-a192-0335bf451757.pdf,"Parcel2G.
.com",2025-10-28 19:38:08.253000,14.04
c5ed3b01-876e-48ea-99c4-f0cebd8cdb93.pdf,TECH ACADEMY,2023-05-15 00:00:00.000000,2.40
c7076915-b29e-4930-8c21-52e5f5a27715.pdf,Mailbutler GmbH,2024-01-23 00:00:00.000000,12.95
c7e6785d-7b82-428f-96df-97be13e02987.pdf,"Safestore Ltd,",2020-10-06 00:00:00.000000,244.61
c827204a-83a3-4fe4-9f03-cbb06669958c.pdf,Sadler & Frost Ltd,2021-08-06 00:00:00.000000,120.00
c963cfbc-b76d-4a4c-8b25-c33cbf83da71.pdf,Hudson Outsourcing Ltd,2023-10-11 00:00:00.000000,120.00
c96e2e74-075b-4af1-83e5-f581489350bb.pdf,Notanotherbill Ltd,2024-01-24 00:00:00.000000,8.06
ca54649e-94f3-49f9-a91d-d47da77fc59d.pdf,Global Executive Cars Ltd,2024-02-25 00:00:00.000000,216.00
ca4d373a-6585-425a-805e-ea86021500df.pdf,amazon.co.uk,2025-10-28 19:38:31.041000,39.98
c62786a4-586d-451f-9fea-f48365cb7769.pdf,Trainline <auto-confirm@info.thetrainline.com>,2022-04-08 00:00:00.000000,39.90
ca1c3579-e3de-4d0a-982e-e2ff9f1b6d44.pdf,"D.G TAL
ONLINE MEDIA & TRANSLATION SERVICES",2022-02-03 00:00:00.000000,2.34
dd244e9d-fed2-4503-a3c7-b799db64f982.pdf,INNOVA TECHNOLOGY (LONDON) LIMITED,2025-10-28 19:52:06.210000,3.00
cb2b7159-729e-4f8c-906f-56d4c223a9b7.pdf,Mantle Ltd,2023-01-01 00:00:00.000000,114.00
cb8f6924-c905-4f13-9a3e-7b06b2e6eefd.pdf,MyWorkSpot Ltd,2021-01-05 00:00:00.000000,189.60
cbef93a1-b3b1-4d43-8437-d6b42a94743c.pdf,MALCA-AMIT,2025-10-28 19:38:40.742000,230.00
ce8c3180-141a-408c-b868-b6599b19cbff.pdf,QMS International Ltd,2025-10-28 19:38:42.663000,222.20
ca9698e1-8a70-4ea4-b40a-b45a999bc65d.pdf,Apple Teknoloi,2025-10-28 19:38:43.296000,0.00
ce57e675-8330-4f8e-8e4c-6a1a3bb58d33.pdf,Tenderbase,2022-10-11 00:00:00.000000,60.00
ccbf84da-c76e-4c9f-8f43-9808e007af8b.pdf,"SureStore, Wokingham",2023-10-24 00:00:00.000000,115.98
cd74c6ea-15bd-4e59-ac2a-55c48ba1619e.pdf,Booking.com LTD,2024-02-08 00:00:00.000000,469.28
cefdc29e-b8c2-4ad8-a708-0f70cb6c65f8.pdf,TECH ACADEMY,2022-08-01 00:00:00.000000,2.00
cd3741b7-4a03-439e-8b20-737c064f56cb.pdf,"Parcel2G.
.com",2025-10-28 19:38:50.324000,8.51
dc6b136c-d591-47b1-97c1-871e38f6e850.pdf,Booking.com LTD,2024-02-04 00:00:00.000000,810.60
cf42338f-5207-4154-83a5-fd735cca3da8.pdf,Jakub Kratochvil,2025-10-28 19:38:54.914000,9.92
cfc688eb-0528-4d20-a491-bf8bda5f96d7.pdf,MALCA-AMIT,2025-10-28 19:38:55.710000,100.00
d0a04df3-ee98-47ad-a0c1-f6f36b531895.pdf,"Safestore Ltd,",2025-10-28 19:38:57.015000,265.95
d166fc11-9608-4484-b590-e5bddd2e5dcc.pdf,TECH ACADEMY,2022-11-21 00:00:00.000000,2.40
d2b12e12-ae98-435a-ac8d-8fe239bdfd83.pdf,"Amazon Services Europe S.àr.l.,",2025-10-28 19:39:02.424000,459.99
d306e3cf-8ef5-4f7d-b070-1e7014e28675.pdf,oxylabs,2024-01-01 00:00:00.000000,0.00
d1805023-a7a7-4727-9b37-65aab98722ef.pdf,amazon.co.uk,2025-10-28 19:39:05.868000,124.98
d1e26628-47e4-4145-aea4-2eba78a0470c.pdf,Mailbutler GmbH,2022-01-23 00:00:00.000000,12.95
cffbec43-80d4-4f0c-8a83-69ed19aba409.pdf,KARACA PORZELLAN DEUTSCHLAND GMBH,2022-11-09 00:00:00.000000,38.85
d3ca402c-3bcc-49f8-8ca4-4d08c515944e.pdf,"Medicines & Healthcare products
Regulatory Agency",2025-10-28 19:39:09.799000,75.00
d52d1691-1682-414f-90ee-08a4dc5c33b4.pdf,Sadler & Frost Ltd,2020-11-05 00:00:00.000000,170.00
d8f7eaac-67dd-46dc-a31f-859df28bb926.pdf,"PHIL
SOLICITORS",2025-10-28 19:51:29.125000,600.00
d962c2d2-be33-4a8a-94b1-025cb6560cd5.pdf,HB Products Limited,2025-10-28 19:51:29.223000,24.95
d95a6490-df3f-4bbf-9f41-ea64e3a96ada.pdf,DAISYHOME TEKSTIL ÜRUNLERI,2020-08-06 01:00:00.000000,0.00
d8c6a63d-4bd3-42d4-844f-908210c7a75a.pdf,Mobilechief Limited,2025-10-28 19:51:34.384000,265.50
d97fe9f9-19d6-4304-b417-7951376520f6.pdf,Mailbutler GmbH,2022-11-23 00:00:00.000000,12.95
e7214242-2033-4c4c-a9e8-bbd7ab497f4c.pdf,"Gatwick Airport Ltd.,",2023-06-20 00:00:00.000000,117.00
d9ddadfa-73c8-4727-b70d-80e874eb5309.pdf,Mustafa C Gurpinar,2021-10-06 00:00:00.000000,17.12
da7a35cf-7ba9-4f6b-8e64-01e5a3cd8fa6.pdf,"Linkedln Ireland Unlimited
Company",2022-11-26 00:00:00.000000,58.32
d97e2273-60e0-4e76-87bd-25df664cce4c.pdf,Aras Çözum Danismanlik ve Dis Tic.A.S.,2021-10-05 00:00:00.000000,65.00
db3bb2bb-ff5c-4813-a2c0-34efc6e37ad2.pdf,PacketStream Inc.,2021-03-28 04:30:00.000000,500.00
db3dbd2d-b08c-4856-8eba-f6e14ddb69d8.pdf,IPRoyal,2024-01-20 03:30:00.000000,7.35
dbfac471-d5f6-4d15-88fb-212fa96f13a7.pdf,RapidAPI,2023-03-17 00:00:00.000000,3.00
dc8f6d93-4059-40cb-834a-1ea6d5f91c48.pdf,Sellics Marketplace Analytics GmbH,2021-07-30 00:00:00.000000,0.00
dc594adf-197c-43db-a662-cc6d985b7417.pdf,Harbour Shipping Ltd.,2020-11-06 00:00:00.000000,7.10
daf4fcbd-0df6-428d-9bff-f626bb576f77.pdf,"GoDaddy.com, LLC",2022-02-10 00:00:00.000000,0.00
dd13eb32-ac44-49c6-8f31-b4704084b6f3.pdf,Mantle Ltd,2023-01-06 00:00:00.000000,114.00
daad0084-5075-4b7e-a8ea-d48549e2aa6d.pdf,Sadler & Frost Ltd,2022-11-15 00:00:00.000000,120.00
deaecbce-2002-4d9c-a5f4-f2faa41b7dc7.pdf,Upwork Global Inc.,2024-02-26 00:00:00.000000,550.00
de66190d-50a8-426e-8504-bff4cc4b380f.pdf,Mailbutler GmbH,2023-10-23 00:00:00.000000,12.95
dd4a8938-e1d3-445d-b3bd-12b425b6671a.pdf,Google Cloud EMEA Limited,2025-10-28 19:52:22.658000,44.19
e1a97f26-b7a4-42db-938f-774da6646e07.pdf,Mailbutler GmbH,2023-11-23 00:00:00.000000,12.95
e0cfed85-bead-4f64-acfd-ce6f3de31e43.pdf,Parcel2Go.com Ltd.,2022-02-09 00:00:00.000000,6.85
df4572e6-c31a-4164-a612-ae016549f753.pdf,PacketStream Inc.,2021-04-05 04:30:00.000000,1000.00
dee336f0-76d6-48fc-9553-0c64d04340be.pdf,zoom,2023-07-25 00:00:00.000000,15.99
e01c9cab-60a2-470e-a0c6-f7b69e6a9bb7.pdf,amazon.co.uk,2025-10-28 19:52:34.164000,83.95
eb53145e-fcc7-4709-9729-75c525f38ec3.pdf,Wizz Air UK Limited,2023-10-22 00:00:00.000000,1868.77
e150905f-7a71-43e1-bdc7-8dbe1a968874.pdf,"-
OSAS Consulting Occupational Safety
& Administrative Services",2025-10-28 19:52:38.015000,1.85
e3554d25-4e94-4122-ab05-347f3556b498.pdf,"Safestore Ltd,",2025-10-28 19:52:45.768000,145.37
e4037ae5-8170-4852-bcea-e0c409939583.pdf,Parcel2Go.com Ltd.,2024-02-02 00:00:00.000000,13.37
e39a40cf-8fa7-4170-b6f3-5c49e067d51d.pdf,izmo Europe bvba,2025-10-28 19:52:51.330000,115.73
e5a38175-3a71-421d-8e63-c89b471f67fe.pdf,PacketStream Inc.,2021-03-22 04:30:00.000000,250.00
e6cc4ef0-c834-4559-b0f8-7e13bac905dc.pdf,"nextechnology GmbH,",2021-04-05 00:00:00.000000,99.00
e520a84c-f21c-4d6a-8859-d9c41c75c3fd.pdf,Google,2024-03-11 00:00:00.000000,684.75
e269ee61-a9d7-4d6a-894d-b8040077b44a.pdf,U.P.S. Limited,2023-02-08 00:00:00.000000,1.13
e2bc2d27-e4b7-4675-aaa3-b9401c03e2b0.pdf,Trainline <auto-confirm@info.thetrainline.com>,2022-11-22 00:00:00.000000,20.15
e4c56157-17d8-43de-ad6d-ec0cfbd5ccef.pdf,ZEELA LTD,2023-05-01 00:00:00.000000,3.00
e9b829d1-f4ee-45e4-8b9e-99f2f6f50730.pdf,American Express Company,2025-10-28 19:54:08.209000,481.02
e4ee6769-8afc-4adf-84c3-a3c5d653cdb5.pdf,"Linkedln Ireland Unlimited
Company",2021-01-26 00:00:00.000000,58.32
e7491935-403d-4031-9184-381e051668e7.pdf,"Safestore Ltd,",2025-10-28 19:53:23.432000,265.95
e7c5a76a-b402-4e6b-80d8-1b64330e9785.pdf,Sadler & Frost Ltd,2020-12-06 00:00:00.000000,120.00
e724c52d-2c1c-4834-b964-72591c8574d0.pdf,American Airlines.,2023-05-19 00:00:00.000000,145.15
e7eb575e-bb8b-4685-be31-87c5f0284097.pdf,MHRA,2022-01-18 00:00:00.000000,0.00
e85e327a-1f61-45fa-a4e0-c84c936312c7.pdf,Citation ISO Certification Limited,2025-10-28 19:53:41.373000,253.69
e7361507-d4b9-49b7-9d93-f522ed3e87ae.pdf,Sadler & Frost Ltd,2023-05-15 00:00:00.000000,120.00
e9895154-fb78-4f28-98f5-c655b87d1ce5.pdf,"Parcel2G
.com",2023-09-05 00:00:00.000000,21.48
ea5deb3f-8d4f-407e-ada3-2e2854683674.pdf,BVRLA,2025-10-28 19:53:52.954000,5.56
eafd6745-292d-4e8c-b4fe-0114311ef758.pdf,QMS International Ltd,2025-10-28 19:53:58.580000,222.20
ebc000a3-a458-47f9-8b41-7a24f234800c.pdf,MCT Lifesciences Ltd,2022-02-10 00:00:00.000000,720.00
ecfdf21f-4a9e-4674-a951-f6a3a64ec99f.pdf,Sellics Marketplace Analytics GmbH,2021-05-30 00:00:00.000000,99.00
ecf14c80-a413-4736-a316-dce052a67c19.pdf,"XFast
Global Logistics",2025-10-28 19:54:15.738000,4.56
ee29e074-777c-4f00-9ca6-475d22a903c0.pdf,Mantle Ltd,2023-01-08 00:00:00.000000,228.00
ee18d71b-86c5-41ff-8987-1eafafefbb3d.pdf,Cihat Gürpinar,2021-06-12 00:00:00.000000,1.00
ed65e66c-ee72-4743-a265-08948c4ca79c.pdf,"DAISYHOME TEKSTIL ÜRÜNLERI ÍTHALAT IHRACAT SANAYI
VETICARET LIMITED SIRKETI",2021-03-04 13:42:00.000000,575.52
ed6e3085-40b3-4d37-9252-5c39ef02ed18.pdf,BVRLA,2023-01-11 00:00:00.000000,0.00
ee9fc871-38d8-44c7-9e97-92038695b75a.pdf,TECH ACADEMY,2023-02-20 00:00:00.000000,1.80
eea01490-d934-4177-86d9-a470447bbdbc.pdf,PRO VISIO INC (BERSUSE TOWELS),2021-03-25 00:00:00.000000,1.53
eec91f09-e22e-44e2-8df5-201e18800d3c.pdf,"Parcel2G3
.com",2023-01-03 00:00:00.000000,51.75
f769303b-c699-4fe7-9b9c-f73523cab08d.pdf,Hetzner Online GmbH,2025-10-28 19:56:11.681000,2.43
eed3dc09-9c80-4ce7-8359-fd8691bf2480.pdf,Parcel2Go.com Ltd.,2025-10-28 19:54:36.261000,8.04
dd929db9-a103-43ea-9216-cde66855e8e4.pdf,"Fortegra Europe Insurance Company Limited,",2025-10-28 19:54:39.465000,0.00
eed30c4d-13e3-4519-b88d-45e0b1b57a2c.pdf,"Cloudflare, Inc.",2023-08-17 00:00:00.000000,9.15
eee4e0cb-86d8-4362-98bc-a7b7bbc4122f.pdf,Sadler & Frost Ltd,2021-01-06 00:00:00.000000,120.00
ef5ccb04-c3e8-4521-a2c5-ab7f18ebd47f.pdf,QMS International Ltd,2025-10-28 19:54:43.665000,215.74
ef63e0bf-7b4a-4778-902e-fc15c887105c.pdf,"Safestore Ltd,",2020-10-07 00:00:00.000000,244.61
ef2ef9f6-898c-4bf3-b8b9-2a8b29206e96.pdf,"JK Jones,",2020-02-10 00:00:00.000000,130.00
eff66efa-3c3f-4aa8-a9fc-b83a3a67578f.pdf,Mantle Ltd,2024-01-02 00:00:00.000000,342.00
f02619f5-4069-47b3-b8bd-2856a8920606.pdf,Mailbutler GmbH,2023-06-23 00:00:00.000000,12.95
f22ed881-678c-4026-b363-f6b4b750835e.pdf,M. Cihat Gurpinar,2025-10-28 19:54:57.586000,300.00
f42dfedc-a1db-451d-a461-1649e461afcc.pdf,Mailbutler GmbH,2022-06-23 00:00:00.000000,12.95
f2627f50-7356-439f-b1b7-92aeca50c29b.pdf,Google Cloud EMEA Limited,2023-02-28 00:00:00.000000,9.20
f39dbf7d-2cec-4c35-bb23-1b108356e387.pdf,"sure
store",2024-01-16 00:00:00.000000,115.98
f44fe247-948a-46bb-a4ee-02e6156b73af.pdf,"Parcel2G3
.com",2023-01-02 00:00:00.000000,5.09
f5424fa8-c678-4b17-9da9-77a771d06eff.pdf,BVRLA,2024-01-01 00:00:00.000000,617.92
f5d0222a-0cef-40cf-b8b3-f37a033260d5.pdf,"Safestore Ltd,",2020-10-11 00:00:00.000000,367.46
f5c9b179-41ee-4641-bf14-e1fda9301a77.pdf,amazon.co.uk,2025-10-28 19:55:11.545000,260.57
f6ae792b-5076-4488-bd33-89a0bfea1d51.pdf,PacketStream Inc.,2021-03-25 04:30:00.000000,100.00
f4a1c4c1-59d5-4972-9d30-e83797f9e939.pdf,TECH ACADEMY,2023-06-13 00:00:00.000000,1.80
f7641b03-4bd7-48f4-bb90-749637c303d9.pdf,TECH ACADEMY,2022-12-12 00:00:00.000000,2.40
f7a242c7-05d4-4fab-9aad-fb8f50e4e745.pdf,Sellics Marketplace Analytics GmbH,2021-04-30 00:00:00.000000,99.00
f816bb99-9487-4698-991b-477cfc05f977.pdf,"Linkedln Ireland Unlimited
Company",2022-03-26 00:00:00.000000,58.32
f9535dc7-7678-4165-b455-43646b752de0.pdf,Innovative Diagnostics,2025-10-28 19:55:36.939000,667.50
f77ce800-d0a5-4e20-afe8-114e50de64c0.pdf,American Express Travel and Lifestyle Services,2025-10-28 19:55:39.376000,293.87
f8e21308-e657-411a-9bfc-c98b7f0f2507.pdf,Mailbutler GmbH,2021-07-23 00:00:00.000000,12.95
f9a44f62-569e-48a9-aef1-a63bb3e04539.pdf,"-
OSAS Consulting Occupational Safety
& Administrative Services",2025-10-28 19:55:44.274000,2.50
f9d8e3f3-c51b-4264-b268-6a21a0916a06.pdf,CiZGi TELEKOMUNIKASYON ANONIM SIRKETI,2025-10-28 19:55:56.033000,697.52
fa3be333-708b-46c1-9060-c388e1053090.pdf,flydubai,2025-10-28 19:56:01.437000,772.50
fa8f5bb6-89b3-4896-bd4e-3e80509f8d9f.pdf,Harun SARAC,2025-10-28 19:56:01.631000,1.50
fb18ce8e-fdd9-4fa6-a3ef-55b29ceceddc.pdf,MHRA,2021-12-30 00:00:00.000000,0.00
fb543149-089c-4674-b12c-2b9a3336d074.pdf,QMS International Ltd,2025-10-28 19:56:11.539000,215.74
fc289df4-b18d-4f92-ae31-a579c2518355.pdf,Pointis Solutions Limited,2022-06-24 00:00:00.000000,4.45
f7a6ce5e-e37d-470d-bd8e-47f3fe33afae.pdf,Hetzner Online GmbH,2025-10-28 19:56:14.451000,275.00
fb9f4b96-9a7a-41d6-8a0c-a0822bd9d135.pdf,TECH ACADEMY,2023-01-16 00:00:00.000000,1.80
fc80f77b-1f60-47e0-976d-691f5b736ff2.pdf,"Linkedln Ireland Unlimited
Company",2022-08-26 00:00:00.000000,58.32
fd799f14-6a44-448a-9290-be8e5ea09ce9.pdf,Mailbutler GmbH,2022-07-23 00:00:00.000000,12.95
fd700a31-62ec-451f-ad47-ee32720c2abe.pdf,"Oxylabs, UAB",2023-07-29 00:00:00.000000,0.00
fe054963-f196-44e8-b428-beaedf73f5b9.pdf,Mailbutler GmbH,2022-09-23 00:00:00.000000,12.95
fc50e551-e660-41ac-893f-0c5a891f1ad1.pdf,Mustafa Onem,2022-12-09 00:00:00.000000,700.00
fe0e9b2e-eba0-49b3-8ab7-d54b87064084.pdf,Mixam UK,2022-09-15 00:00:00.000000,103.50
fd267b68-e4bb-4eb6-ac1c-4201ded67d9b.pdf,Icon Medlab GmbH,2020-08-07 00:00:00.000000,154.00
fe75d320-9b90-4c77-b138-9d5fa44be09f.pdf,AVA INTERNATIONAL VENTURE LLC,2025-10-28 19:56:33.968000,43.00
fe871444-e403-4996-b470-8a494a0943f6.pdf,Umutcan OLGUN,2025-10-28 19:56:34.519000,4.25
ff3395fa-c938-4c47-ba70-7e81798ceb72.pdf,GSMA Mobile World Congress,2025-10-28 19:56:44.639000,966.90
ff2ab7a0-89fe-4d3e-805b-2564657f06bd.pdf,Jakub Kratochvil,2025-10-28 19:56:45.616000,9.46
ff6180ee-d13b-450a-aecc-fd807324b51c.pdf,Google,2023-02-06 00:00:00.000000,9.20
ff0dd62c-d765-4b80-8509-25b0a65472b5.pdf,Google Ireland Limited,2020-12-31 00:00:00.000000,10.95
ff6d63e8-553b-4eca-945d-ca3a06325c47.pdf,Harbour Shipping Ltd.,2025-10-28 19:56:56.329000,8.87
ffb3c103-92be-4ba5-91ce-79057540439d.pdf,"Cloudflare, Inc.",2023-11-07 00:00:00.000000,4.71
2.png,YourCompany,2022-07-13 00:00:00.000000,3.27
666bc655-34a0-423c-9ea2-180d17f2071a.jpeg,Wokingham Superstore,2023-02-11 00:00:00.000000,11.65
